{
  "val_auc": 0.8118279569892473,
  "val_acc": 0.8,
  "val_prec": 0.8382352941176471,
  "val_rec": 0.9193548387096774,
  "val_f1": 0.8769230769230769,
  "test_auc": 0.7594579333709769,
  "test_acc": 0.78,
  "test_prec": 0.8160919540229885,
  "test_rec": 0.922077922077922,
  "test_f1": 0.8658536585365854,
  "test_mae": 0.30086076259613037,
  "test_rmse": 0.38764080750267627,
  "test_brier": 0.1502653956413269
}